{
	"format_version": "1.21.6",
	"texture_size": [32, 32],
	"textures": {
		"0": "item/cup",
		"particle": "item/cup"
	},
	"elements": [
		{
			"from": [6, 0, 6],
			"to": [11, 5, 7],
			"rotation": {"angle": 0, "axis": "y", "origin": [6, 0, 6]},
			"faces": {
				"north": {"uv": [0.5, 5.5, 3, 8], "texture": "#0"},
				"east": {"uv": [0, 5.5, 0.5, 8], "texture": "#0"},
				"south": {"uv": [3.5, 5.5, 6, 8], "texture": "#0"},
				"west": {"uv": [3, 5.5, 3.5, 8], "texture": "#0"},
				"up": {"uv": [3, 5.5, 0.5, 5], "texture": "#0"},
				"down": {"uv": [5.5, 5, 3, 5.5], "texture": "#0"}
			}
		},
		{
			"from": [8, 0, 4],
			"to": [9, 1, 6],
			"rotation": {"angle": 0, "axis": "y", "origin": [8, 0, 4]},
			"faces": {
				"north": {"uv": [1, 9.5, 1.5, 10], "texture": "#0"},
				"east": {"uv": [0, 9.5, 1, 10], "texture": "#0"},
				"south": {"uv": [2.5, 9.5, 3, 10], "texture": "#0"},
				"west": {"uv": [1.5, 9.5, 2.5, 10], "texture": "#0"},
				"up": {"uv": [1.5, 9.5, 1, 8.5], "texture": "#0"},
				"down": {"uv": [2, 8.5, 1.5, 9.5], "texture": "#0"}
			}
		},
		{
			"from": [8, 3, 4],
			"to": [9, 4, 6],
			"rotation": {"angle": 0, "axis": "y", "origin": [8, 3, 4]},
			"faces": {
				"north": {"uv": [1, 11.5, 1.5, 12], "texture": "#0"},
				"east": {"uv": [0, 11.5, 1, 12], "texture": "#0"},
				"south": {"uv": [2.5, 11.5, 3, 12], "texture": "#0"},
				"west": {"uv": [1.5, 11.5, 2.5, 12], "texture": "#0"},
				"up": {"uv": [1.5, 11.5, 1, 10.5], "texture": "#0"},
				"down": {"uv": [2, 10.5, 1.5, 11.5], "texture": "#0"}
			}
		},
		{
			"from": [6, 0, 7],
			"to": [7, 5, 11],
			"rotation": {"angle": 0, "axis": "y", "origin": [6, 0, 7]},
			"faces": {
				"north": {"uv": [2, 2, 2.5, 4.5], "texture": "#0"},
				"east": {"uv": [0, 2, 2, 4.5], "texture": "#0"},
				"south": {"uv": [4.5, 2, 5, 4.5], "texture": "#0"},
				"west": {"uv": [2.5, 2, 4.5, 4.5], "texture": "#0"},
				"up": {"uv": [2.5, 2, 2, 0], "texture": "#0"},
				"down": {"uv": [3, 0, 2.5, 2], "texture": "#0"}
			}
		},
		{
			"from": [7, 0, 10],
			"to": [11, 5, 11],
			"rotation": {"angle": 0, "axis": "y", "origin": [7, 0, 10]},
			"faces": {
				"north": {"uv": [6, 0.5, 8, 3], "texture": "#0"},
				"east": {"uv": [5.5, 0.5, 6, 3], "texture": "#0"},
				"south": {"uv": [8.5, 0.5, 10.5, 3], "texture": "#0"},
				"west": {"uv": [8, 0.5, 8.5, 3], "texture": "#0"},
				"up": {"uv": [8, 0.5, 6, 0], "texture": "#0"},
				"down": {"uv": [10, 0, 8, 0.5], "texture": "#0"}
			}
		},
		{
			"from": [10, 0, 7],
			"to": [11, 5, 10],
			"rotation": {"angle": 0, "axis": "y", "origin": [10, 0, 7]},
			"faces": {
				"north": {"uv": [8, 5, 8.5, 7.5], "texture": "#0"},
				"east": {"uv": [6.5, 5, 8, 7.5], "texture": "#0"},
				"south": {"uv": [10, 5, 10.5, 7.5], "texture": "#0"},
				"west": {"uv": [8.5, 5, 10, 7.5], "texture": "#0"},
				"up": {"uv": [8.5, 5, 8, 3.5], "texture": "#0"},
				"down": {"uv": [9, 3.5, 8.5, 5], "texture": "#0"}
			}
		},
		{
			"from": [7, 0, 7],
			"to": [10, 1, 10],
			"rotation": {"angle": 0, "axis": "y", "origin": [7, 0, 7]},
			"faces": {
				"north": {"uv": [8, 9.5, 9.5, 10], "texture": "#0"},
				"east": {"uv": [6.5, 9.5, 8, 10], "texture": "#0"},
				"south": {"uv": [11, 9.5, 12.5, 10], "texture": "#0"},
				"west": {"uv": [9.5, 9.5, 11, 10], "texture": "#0"},
				"up": {"uv": [9.5, 9.5, 8, 8], "texture": "#0"},
				"down": {"uv": [11, 8, 9.5, 9.5], "texture": "#0"}
			}
		},
		{
			"from": [8, 1, 4],
			"to": [9, 3, 5],
			"rotation": {"angle": 0, "axis": "y", "origin": [8, 1, 4]},
			"faces": {
				"north": {"uv": [4, 9, 4.5, 10], "texture": "#0"},
				"east": {"uv": [3.5, 9, 4, 10], "texture": "#0"},
				"south": {"uv": [5, 9, 5.5, 10], "texture": "#0"},
				"west": {"uv": [4.5, 9, 5, 10], "texture": "#0"},
				"up": {"uv": [4.5, 9, 4, 8.5], "texture": "#0"},
				"down": {"uv": [5, 8.5, 4.5, 9], "texture": "#0"}
			}
		}
	],
	"display": {
		"thirdperson_righthand": {
			"rotation": [-119, 0, 180],
			"translation": [0, 4.75, 4.25]
		},
		"thirdperson_lefthand": {
			"rotation": [-119, 0, -180],
			"translation": [0, 4.75, 4.25]
		},
		"firstperson_righthand": {
			"rotation": [0, -180, 0],
			"translation": [0, 7, 1]
		},
		"firstperson_lefthand": {
			"rotation": [0, -180, 0],
			"translation": [0, 7, 1]
		},
		"ground": {
			"translation": [0, 2.75, 0],
			"scale": [0.6582, 0.6582, 0.6582]
		},
		"gui": {
			"rotation": [43, 54, -15],
			"translation": [0.5, 4.25, 0]
		},
		"head": {
			"rotation": [0, 90, 0],
			"translation": [0, 14.5, 0]
		},
		"fixed": {
			"rotation": [-90, 0, 0],
			"translation": [0, 0.25, -10.25],
			"scale": [1.2793, 1.2793, 1.2793]
		}
	}
}