{
	"credit": "Made with Blockbench",
	"textures": {
		"0": "block/gold_block",
		"1": "item/saphire",
		"particle": "block/gold_block"
	},
	"elements": [
		{
			"from": [0, 5.5, 0],
			"to": [16, 10.5, 1],
			"rotation": {"angle": 0, "axis": "y", "origin": [8, 8, 7.75]},
			"faces": {
				"north": {"uv": [0, 1, 16, 6], "texture": "#0"},
				"east": {"uv": [0, 1, 1, 6], "texture": "#0"},
				"south": {"uv": [0, 1, 16, 6], "texture": "#0"},
				"west": {"uv": [15, 1, 16, 6], "texture": "#0"},
				"up": {"uv": [0, 1, 16, 2], "texture": "#0"},
				"down": {"uv": [0, 5, 16, 6], "texture": "#0"}
			}
		},
		{
			"from": [0, 5.5, 15],
			"to": [16, 10.5, 16],
			"rotation": {"angle": 0, "axis": "y", "origin": [8, 8, 7.75]},
			"faces": {
				"north": {"uv": [0, 1, 16, 6], "texture": "#0"},
				"east": {"uv": [15, 1, 16, 6], "texture": "#0"},
				"south": {"uv": [0, 1, 16, 6], "texture": "#0"},
				"west": {"uv": [0, 1, 1, 6], "texture": "#0"},
				"up": {"uv": [0, 1, 16, 2], "texture": "#0"},
				"down": {"uv": [0, 5, 16, 6], "texture": "#0"}
			}
		},
		{
			"from": [0, 5.5, 1],
			"to": [1, 10.5, 15],
			"rotation": {"angle": 0, "axis": "y", "origin": [8, 8, 7.75]},
			"faces": {
				"north": {"uv": [0, 0, 1, 5], "texture": "#0"},
				"east": {"uv": [1, 1, 15, 6], "texture": "#0"},
				"south": {"uv": [0, 0, 1, 5], "texture": "#0"},
				"west": {"uv": [1, 1, 15, 6], "texture": "#0"},
				"up": {"uv": [1, 1, 15, 2], "rotation": 270, "texture": "#0"},
				"down": {"uv": [1, 5, 15, 6], "rotation": 90, "texture": "#0"}
			}
		},
		{
			"from": [15, 5.5, 1],
			"to": [16, 10.5, 15],
			"rotation": {"angle": 0, "axis": "y", "origin": [8, 8, 7.75]},
			"faces": {
				"north": {"uv": [0, 0, 1, 5], "texture": "#0"},
				"east": {"uv": [1, 1, 15, 6], "texture": "#0"},
				"south": {"uv": [0, 0, 1, 5], "texture": "#0"},
				"west": {"uv": [1, 1, 15, 6], "texture": "#0"},
				"up": {"uv": [1, 1, 15, 2], "rotation": 90, "texture": "#0"},
				"down": {"uv": [1, 5, 15, 6], "rotation": 270, "texture": "#0"}
			}
		},
		{
			"from": [6, 6, -1.25],
			"to": [10, 10, 0.75],
			"light_emission": 15,
			"rotation": {"angle": -45, "axis": "z", "origin": [8, 8, -0.25]},
			"faces": {
				"north": {"uv": [0, 0, 4, 4], "texture": "#1"},
				"east": {"uv": [4, 0, 6, 4], "texture": "#1"},
				"south": {"uv": [0, 4, 4, 8], "texture": "#1"},
				"west": {"uv": [4, 4, 6, 8], "texture": "#1"},
				"up": {"uv": [10, 2, 6, 0], "texture": "#1"},
				"down": {"uv": [10, 2, 6, 4], "texture": "#1"}
			}
		},
		{
			"from": [5, 5, -0.25],
			"to": [11, 11, 1.25],
			"rotation": {"angle": -45, "axis": "z", "origin": [8, 8, 0]},
			"faces": {
				"north": {"uv": [5, 3, 11, 9], "texture": "#0"},
				"east": {"uv": [5, 3, 7, 9], "texture": "#0"},
				"south": {"uv": [5, 3, 11, 9], "texture": "#0"},
				"west": {"uv": [9, 3, 11, 9], "texture": "#0"},
				"up": {"uv": [5, 3, 11, 5], "texture": "#0"},
				"down": {"uv": [5, 7, 11, 9], "texture": "#0"}
			}
		}
	],
	"display": {
		"thirdperson_righthand": {
			"rotation": [90, 0, 0],
			"translation": [0, -2, 2.5],
			"scale": [0.3, 0.3, 0.3]
		},
		"thirdperson_lefthand": {
			"rotation": [90, 0, 0],
			"translation": [0, -2, 2.5],
			"scale": [0.3, 0.3, 0.3]
		},
		"firstperson_righthand": {
			"rotation": [105, 0, 0],
			"scale": [0.3, 0.3, 0.3]
		},
		"firstperson_lefthand": {
			"rotation": [105, 0, 0],
			"scale": [0.3, 0.3, 0.3]
		},
		"ground": {
			"scale": [0.3, 0.3, 0.3]
		},
		"gui": {
			"rotation": [-150, 25, 170],
			"scale": [0.62, 0.62, 0.62]
		},
		"head": {
			"translation": [0, 6, 0],
			"scale": [0.91, 0.91, 0.91]
		},
		"fixed": {
			"rotation": [90, 0, 0],
			"translation": [0, 0, -0.5],
			"scale": [0.6, 0.6, 0.6]
		}
	}
}