{
	"format_version": "1.9.0",
	"textures": {
		"0": "block/tea_bush",
		"1": "block/tea_bush_stem",
		"particle": "block/tea_bush"
	},
	"elements": [
		{
			"from": [1, 10, 1],
			"to": [15, 22, 15],
			"rotation": {"angle": 0, "axis": "y", "origin": [0, 8, 0]},
			"faces": {
				"north": {"uv": [0, 0, 14, 12], "texture": "#0"},
				"east": {"uv": [0, 0, 14, 12], "texture": "#0"},
				"south": {"uv": [0, 0, 14, 12], "texture": "#0"},
				"west": {"uv": [0, 0, 14, 12], "texture": "#0"},
				"up": {"uv": [0, 0, 14, 14], "texture": "#0"},
				"down": {"uv": [0, 0, 14, 14], "texture": "#0"}
			}
		},
		{
			"from": [6, 8, 6],
			"to": [10, 17, 10],
			"rotation": {"angle": 0, "axis": "y", "origin": [0, 8, 0]},
			"faces": {
				"north": {"uv": [2, 3, 6, 6], "texture": "#1"},
				"east": {"uv": [8, 10, 12, 13], "texture": "#1"},
				"south": {"uv": [3, 9, 7, 12], "texture": "#1"},
				"west": {"uv": [8, 1, 12, 4], "texture": "#1"},
				"up": {"uv": [6, 5, 10, 9], "texture": "#1"},
				"down": {"uv": [6, 5, 10, 9], "texture": "#1"}
			}
		}
	],
	"display": {}
}