{
	"format_version": "1.21.6",
	"texture_size": [48, 48],
	"textures": {
		"0": "block/teapot",
		"particle": "block/teapot"
	},
	"elements": [
		{
			"from": [3.5, 0, 3.5],
			"to": [12.5, 5, 12.5],
			"rotation": {"angle": 0, "axis": "y", "origin": [4, 0, 4.25]},
			"faces": {
				"north": {"uv": [3, 3, 6, 4.66667], "texture": "#0"},
				"east": {"uv": [0, 3, 3, 4.66667], "texture": "#0"},
				"south": {"uv": [9, 3, 12, 4.66667], "texture": "#0"},
				"west": {"uv": [6, 3, 9, 4.66667], "texture": "#0"},
				"up": {"uv": [6, 3, 3, 0], "texture": "#0"},
				"down": {"uv": [9, 0, 6, 3], "texture": "#0"}
			}
		},
		{
			"from": [5.5, 5, 5.5],
			"to": [10.5, 6, 10.5],
			"rotation": {"angle": 0, "axis": "y", "origin": [5.5, 5, 5.5]},
			"faces": {
				"north": {"uv": [1.66667, 6.66667, 3.33333, 7], "texture": "#0"},
				"east": {"uv": [0, 6.66667, 1.66667, 7], "texture": "#0"},
				"south": {"uv": [5, 6.66667, 6.66667, 7], "texture": "#0"},
				"west": {"uv": [3.33333, 6.66667, 5, 7], "texture": "#0"},
				"up": {"uv": [3.33333, 6.66667, 1.66667, 5], "texture": "#0"},
				"down": {"uv": [5, 5, 3.33333, 6.66667], "texture": "#0"}
			}
		},
		{
			"from": [7, 1, 1.5],
			"to": [9, 3, 3.5],
			"rotation": {"angle": 0, "axis": "y", "origin": [7, 1, 1.5]},
			"faces": {
				"north": {"uv": [0.66667, 8, 1.33333, 8.66667], "texture": "#0"},
				"east": {"uv": [0, 8, 0.66667, 8.66667], "texture": "#0"},
				"south": {"uv": [2, 8, 2.66667, 8.66667], "texture": "#0"},
				"west": {"uv": [1.33333, 8, 2, 8.66667], "texture": "#0"},
				"up": {"uv": [1.33333, 8, 0.66667, 7.33333], "texture": "#0"},
				"down": {"uv": [2, 7.33333, 1.33333, 8], "texture": "#0"}
			}
		},
		{
			"from": [7, 4, -0.5],
			"to": [9, 5, 1.5],
			"rotation": {"angle": 0, "axis": "y", "origin": [7, 4, -0.5]},
			"faces": {
				"north": {"uv": [3.66667, 8, 4.33333, 8.33333], "texture": "#0"},
				"east": {"uv": [3, 8, 3.66667, 8.33333], "texture": "#0"},
				"south": {"uv": [5, 8, 5.66667, 8.33333], "texture": "#0"},
				"west": {"uv": [4.33333, 8, 5, 8.33333], "texture": "#0"},
				"up": {"uv": [4.33333, 8, 3.66667, 7.33333], "texture": "#0"},
				"down": {"uv": [5, 7.33333, 4.33333, 8], "texture": "#0"}
			}
		},
		{
			"from": [7, 3, 1.5],
			"to": [9, 4, 2.5],
			"rotation": {"angle": 0, "axis": "y", "origin": [7, 3, 1.5]},
			"faces": {
				"north": {"uv": [8.66667, 7.66667, 9.33333, 8], "texture": "#0"},
				"east": {"uv": [8.33333, 7.66667, 8.66667, 8], "texture": "#0"},
				"south": {"uv": [9.66667, 7.66667, 10.33333, 8], "texture": "#0"},
				"west": {"uv": [9.33333, 7.66667, 9.66667, 8], "texture": "#0"},
				"up": {"uv": [9.33333, 7.66667, 8.66667, 7.33333], "texture": "#0"},
				"down": {"uv": [10, 7.33333, 9.33333, 7.66667], "texture": "#0"}
			}
		},
		{
			"from": [7, 2, 0.5],
			"to": [9, 4, 1.5],
			"rotation": {"angle": 0, "axis": "y", "origin": [7, 2, 0.5]},
			"faces": {
				"north": {"uv": [6.33333, 7.66667, 7, 8.33333], "texture": "#0"},
				"east": {"uv": [6, 7.66667, 6.33333, 8.33333], "texture": "#0"},
				"south": {"uv": [7.33333, 7.66667, 8, 8.33333], "texture": "#0"},
				"west": {"uv": [7, 7.66667, 7.33333, 8.33333], "texture": "#0"},
				"up": {"uv": [7, 7.66667, 6.33333, 7.33333], "texture": "#0"},
				"down": {"uv": [7.66667, 7.33333, 7, 7.66667], "texture": "#0"}
			}
		},
		{
			"from": [7.5, 5, 4.5],
			"to": [8.5, 7, 5.5],
			"rotation": {"angle": 0, "axis": "y", "origin": [7.5, 5, 4.5]},
			"faces": {
				"north": {"uv": [8.66667, 8.66667, 9, 9.33333], "texture": "#0"},
				"east": {"uv": [8.33333, 8.66667, 8.66667, 9.33333], "texture": "#0"},
				"south": {"uv": [9.33333, 8.66667, 9.66667, 9.33333], "texture": "#0"},
				"west": {"uv": [9, 8.66667, 9.33333, 9.33333], "texture": "#0"},
				"up": {"uv": [9, 8.66667, 8.66667, 8.33333], "texture": "#0"},
				"down": {"uv": [9.33333, 8.33333, 9, 8.66667], "texture": "#0"}
			}
		},
		{
			"from": [7.5, 9, 4.5],
			"to": [8.5, 10, 5.5],
			"rotation": {"angle": 0, "axis": "y", "origin": [7.5, 9, 4.5]},
			"faces": {
				"north": {"uv": [0.33333, 9.33333, 0.66667, 9.66667], "texture": "#0"},
				"east": {"uv": [0, 9.33333, 0.33333, 9.66667], "texture": "#0"},
				"south": {"uv": [1, 9.33333, 1.33333, 9.66667], "texture": "#0"},
				"west": {"uv": [0.66667, 9.33333, 1, 9.66667], "texture": "#0"},
				"up": {"uv": [0.66667, 9.33333, 0.33333, 9], "texture": "#0"},
				"down": {"uv": [1, 9, 0.66667, 9.33333], "texture": "#0"}
			}
		},
		{
			"from": [7.5, 9, 10.5],
			"to": [8.5, 10, 11.5],
			"rotation": {"angle": 0, "axis": "y", "origin": [7.5, 9, 10.5]},
			"faces": {
				"north": {"uv": [8.33333, 10, 8.66667, 10.33333], "texture": "#0"},
				"east": {"uv": [8, 10, 8.33333, 10.33333], "texture": "#0"},
				"south": {"uv": [9, 10, 9.33333, 10.33333], "texture": "#0"},
				"west": {"uv": [8.66667, 10, 9, 10.33333], "texture": "#0"},
				"up": {"uv": [8.66667, 10, 8.33333, 9.66667], "texture": "#0"},
				"down": {"uv": [9, 9.66667, 8.66667, 10], "texture": "#0"}
			}
		},
		{
			"from": [7.5, 10, 5.5],
			"to": [8.5, 11, 10.5],
			"rotation": {"angle": 0, "axis": "y", "origin": [7.5, 10, 5.5]},
			"faces": {
				"north": {"uv": [8.66667, 6.66667, 9, 7], "texture": "#0"},
				"east": {"uv": [7, 6.66667, 8.66667, 7], "texture": "#0"},
				"south": {"uv": [10.66667, 6.66667, 11, 7], "texture": "#0"},
				"west": {"uv": [9, 6.66667, 10.66667, 7], "texture": "#0"},
				"up": {"uv": [9, 6.66667, 8.66667, 5], "texture": "#0"},
				"down": {"uv": [9.33333, 5, 9, 6.66667], "texture": "#0"}
			}
		},
		{
			"from": [7.5, 7, 3.5],
			"to": [8.5, 9, 4.5],
			"rotation": {"angle": 0, "axis": "y", "origin": [7.5, 7, 3.5]},
			"faces": {
				"north": {"uv": [3.33333, 9, 3.66667, 9.66667], "texture": "#0"},
				"east": {"uv": [3, 9, 3.33333, 9.66667], "texture": "#0"},
				"south": {"uv": [4, 9, 4.33333, 9.66667], "texture": "#0"},
				"west": {"uv": [3.66667, 9, 4, 9.66667], "texture": "#0"},
				"up": {"uv": [3.66667, 9, 3.33333, 8.66667], "texture": "#0"},
				"down": {"uv": [4, 8.66667, 3.66667, 9], "texture": "#0"}
			}
		},
		{
			"from": [7.5, 7, 11.5],
			"to": [8.5, 9, 12.5],
			"rotation": {"angle": 0, "axis": "y", "origin": [7.5, 7, 11.5]},
			"faces": {
				"north": {"uv": [5, 9, 5.33333, 9.66667], "texture": "#0"},
				"east": {"uv": [4.66667, 9, 5, 9.66667], "texture": "#0"},
				"south": {"uv": [5.66667, 9, 6, 9.66667], "texture": "#0"},
				"west": {"uv": [5.33333, 9, 5.66667, 9.66667], "texture": "#0"},
				"up": {"uv": [5.33333, 9, 5, 8.66667], "texture": "#0"},
				"down": {"uv": [5.66667, 8.66667, 5.33333, 9], "texture": "#0"}
			}
		},
		{
			"from": [7.5, 5, 10.5],
			"to": [8.5, 7, 11.5],
			"rotation": {"angle": 0, "axis": "y", "origin": [7.5, 5, 10.5]},
			"faces": {
				"north": {"uv": [6.66667, 9, 7, 9.66667], "texture": "#0"},
				"east": {"uv": [6.33333, 9, 6.66667, 9.66667], "texture": "#0"},
				"south": {"uv": [7.33333, 9, 7.66667, 9.66667], "texture": "#0"},
				"west": {"uv": [7, 9, 7.33333, 9.66667], "texture": "#0"},
				"up": {"uv": [7, 9, 6.66667, 8.66667], "texture": "#0"},
				"down": {"uv": [7.33333, 8.66667, 7, 9], "texture": "#0"}
			}
		},
		{
			"from": [7.5, 6, 7.5],
			"to": [8.5, 7, 8.5],
			"rotation": {"angle": 0, "axis": "y", "origin": [7.5, 6, 7.5]},
			"faces": {
				"north": {"uv": [10, 10, 10.33333, 10.33333], "texture": "#0"},
				"east": {"uv": [9.66667, 10, 10, 10.33333], "texture": "#0"},
				"south": {"uv": [10.66667, 10, 11, 10.33333], "texture": "#0"},
				"west": {"uv": [10.33333, 10, 10.66667, 10.33333], "texture": "#0"},
				"up": {"uv": [10.33333, 10, 10, 9.66667], "texture": "#0"},
				"down": {"uv": [10.66667, 9.66667, 10.33333, 10], "texture": "#0"}
			}
		}
	],
	"display": {
		"thirdperson_righthand": {
			"rotation": [96.75, 0, 0],
			"translation": [0, -1.75, -1.5]
		},
		"thirdperson_lefthand": {
			"rotation": [87.5, 0, 0],
			"translation": [0, -1.75, -1]
		},
		"firstperson_righthand": {
			"translation": [0, 6.5, 0]
		},
		"firstperson_lefthand": {
			"translation": [0.75, 4.5, 0]
		},
		"ground": {
			"rotation": [0, 90, 0],
			"translation": [0, 1.75, 0],
			"scale": [0.35742, 0.35742, 0.35742]
		},
		"gui": {
			"rotation": [-151, 40.5, 180],
			"translation": [0, 3.25, 0]
		},
		"head": {
			"translation": [0, 14.25, 0]
		},
		"fixed": {
			"rotation": [-90, 0, 0],
			"translation": [0, 0, -9],
			"scale": [1.16406, 1.16406, 1.16406]
		}
	}
}