{
	"iamsteve" : {
		"sounds": [
			"minecraft:iamsteve"
		]
	},
	"today" : {
		"sounds": [
			"minecraft:today"
		]
	},
	"spooky_scary" : {
		"sounds": [
			"minecraft:spooky_scary"
		]
	},
	"makarena" : {
		"sounds": [
			"minecraft:makarena"
		]
	},
	"chicken_jockey" : {
		"sounds": [
			"minecraft:chicken_jockey"
		]
	},
	"ambient.cave": {
    "sounds": [
      "ambient/cave/cave1",
      "ambient/cave/cave2",
      "ambient/cave/cave3",
      "ambient/cave/cave4",
      "ambient/cave/cave5",
      "ambient/cave/cave6",
      "ambient/cave/cave7",
      "ambient/cave/cave8",
      "ambient/cave/cave9",
      "ambient/cave/cave10",
      "ambient/cave/cave11",
      "ambient/cave/cave12",
      "ambient/cave/cave13",
      "ambient/cave/cave14",
      "ambient/cave/cave15",
      "ambient/cave/cave16",
      "ambient/cave/cave17",
      "ambient/cave/cave18",
      "ambient/cave/cave19",
      "ambient/cave/cave20",
      "ambient/cave/cave21",
      "ambient/cave/cave22",
      "ambient/cave/cave23",
	  "minecraft:chicken_jockey"
    ],
    "subtitle": "subtitles.ambient.sound"
  }
}