{
	"format_version": "1.9.0",
	"credit": "Made with Blockbench",
	"textures": {
		"0": "block/tea_bush_stem",
		"1": "block/dirt",
		"particle": "block/tea_bush_stem"
	},
	"elements": [
		{
			"from": [6, 7.75, 8.25],
			"to": [10, 9.25, 10.25],
			"rotation": {"angle": 0, "axis": "y", "origin": [0, 8, 0.25]},
			"faces": {
				"north": {"uv": [11, 8, 15, 9.25], "texture": "#1"},
				"east": {"uv": [6, 4, 8, 5.25], "texture": "#1"},
				"south": {"uv": [6, 6, 10, 7.25], "texture": "#1"},
				"west": {"uv": [3, 2, 5, 3.25], "texture": "#1"},
				"up": {"uv": [5, 9, 9, 11], "texture": "#1"},
				"down": {"uv": [10, 2, 14, 4], "texture": "#1"}
			}
		},
		{
			"from": [8, 8, 6.25],
			"to": [10.25, 9.75, 9.25],
			"rotation": {"angle": 0, "axis": "y", "origin": [0, 8, 0.25]},
			"faces": {
				"north": {"uv": [0, 0, 2.25, 1.75], "texture": "#1"},
				"east": {"uv": [8, 9, 11, 10.75], "texture": "#1"},
				"south": {"uv": [3, 2, 5.25, 3.75], "texture": "#1"},
				"west": {"uv": [7, 5, 10, 6.75], "texture": "#1"},
				"up": {"uv": [2, 7, 4.25, 10], "texture": "#1"},
				"down": {"uv": [13.75, 0, 16, 3], "texture": "#1"}
			}
		},
		{
			"from": [5.5, 7.5, 5.25],
			"to": [9, 9.5, 8.25],
			"rotation": {"angle": 0, "axis": "y", "origin": [0, 8, 0.25]},
			"faces": {
				"north": {"uv": [9, 9, 12.5, 10.5], "texture": "#1"},
				"east": {"uv": [9, 13, 12, 14.5], "texture": "#1"},
				"south": {"uv": [10, 2, 13.5, 3.5], "texture": "#1"},
				"west": {"uv": [2, 3, 5, 4.5], "texture": "#1"},
				"up": {"uv": [8, 5, 11.5, 8], "texture": "#1"},
				"down": {"uv": [3, 7, 6.5, 10], "texture": "#1"}
			}
		},
		{
			"from": [7.5, 8.25, 7.5],
			"to": [8.5, 11, 8.5],
			"rotation": {"angle": 0, "axis": "y", "origin": [7.5, 8, 7.5]},
			"faces": {
				"north": {"uv": [0, 0, 1, 2.75], "texture": "#0"},
				"east": {"uv": [0, 0, 1, 2.75], "texture": "#0"},
				"south": {"uv": [0, 0, 1, 2.75], "texture": "#0"},
				"west": {"uv": [0, 0, 1, 2.75], "texture": "#0"},
				"up": {"uv": [0, 0, 1, 1], "texture": "#0"},
				"down": {"uv": [0, 0, 1, 1], "texture": "#missing"}
			}
		}
	]
}